<?xml version="1.0" encoding="UTF-8"?>
<beans xmlns="http://www.springframework.org/schema/beans" xmlns:xsi="http://www.w3.org/2001/XMLSchema-instance" xmlns:aop="http://www.springframework.org/schema/aop" xmlns:c="http://www.springframework.org/schema/c" xmlns:cache="http://www.springframework.org/schema/cache" xmlns:context="http://www.springframework.org/schema/context" xmlns:jdbc="http://www.springframework.org/schema/jdbc" xmlns:jee="http://www.springframework.org/schema/jee" xmlns:lang="http://www.springframework.org/schema/lang" xmlns:mvc="http://www.springframework.org/schema/mvc" xmlns:p="http://www.springframework.org/schema/p" xmlns:task="http://www.springframework.org/schema/task" xmlns:tx="http://www.springframework.org/schema/tx" xmlns:util="http://www.springframework.org/schema/util"
	xsi:schemaLocation="http://www.springframework.org/schema/beans http://www.springframework.org/schema/beans/spring-beans.xsd
		http://www.springframework.org/schema/aop http://www.springframework.org/schema/aop/spring-aop.xsd
		http://www.springframework.org/schema/cache http://www.springframework.org/schema/cache/spring-cache.xsd
		http://www.springframework.org/schema/context http://www.springframework.org/schema/context/spring-context.xsd
		http://www.springframework.org/schema/jdbc http://www.springframework.org/schema/jdbc/spring-jdbc.xsd
		http://www.springframework.org/schema/jee http://www.springframework.org/schema/jee/spring-jee.xsd
		http://www.springframework.org/schema/lang http://www.springframework.org/schema/lang/spring-lang.xsd
		http://www.springframework.org/schema/mvc http://www.springframework.org/schema/mvc/spring-mvc.xsd
		http://www.springframework.org/schema/task http://www.springframework.org/schema/task/spring-task.xsd
		http://www.springframework.org/schema/tx http://www.springframework.org/schema/tx/spring-tx.xsd
		http://www.springframework.org/schema/util http://www.springframework.org/schema/util/spring-util.xsd">

	<!-- 开启aop aspectj注解 -->
	<aop:aspectj-autoproxy proxy-target-class="true" />

	<!-- 自动扫描controller包下的所有类，使其成为spring mvc的控制器，扫描aop包下所有类，使项目认识Aspect -->
	<context:component-scan base-package="sy.controller,sy.aop" />

	<!-- 只要在方法上加上@ResponseBody注解，就可以返回json -->
	<mvc:annotation-driven>
		<mvc:message-converters>
			<bean class="org.springframework.http.converter.json.MappingJackson2HttpMessageConverter">
				<property name="objectMapper">
					<bean class="sy.util.base.HibernateAwareObjectMapper">
						<property name="dateFormat">
							<bean class="java.text.SimpleDateFormat">
								<constructor-arg type="java.lang.String" value="yyyy-MM-dd HH:mm:ss" />
							</bean>
						</property>
					</bean>
				</property>
				<property name="supportedMediaTypes">
					<list>
						<value>text/html;charset=UTF-8</value>
						<value>text/json;charset=UTF-8</value>
						<value>application/json;charset=UTF-8</value>
					</list>
				</property>
			</bean>
		</mvc:message-converters>
	</mvc:annotation-driven>

	<!-- 对模型视图名称的解析，即在模型视图名称添加前后缀 -->
	<bean class="org.springframework.web.servlet.view.InternalResourceViewResolver" p:prefix="/" p:suffix="" />

	<!-- 文件上传配置 -->
	<bean id="multipartResolver" class="org.springframework.web.multipart.commons.CommonsMultipartResolver">
		<property name="defaultEncoding">
			<value>UTF-8</value>
		</property>
		<property name="maxUploadSize">
			<value>1048576000</value><!-- 总上传文件大小限制为1000M，31*1024*1024 -->
		</property>
		<property name="maxInMemorySize">
			<value>4096</value>
		</property>
	</bean>

	<!-- 拦截器 -->
	<mvc:interceptors>
		<mvc:interceptor>
			<mvc:mapping path="/**" />
			<bean class="sy.interceptors.permission.SecurityInterceptor">
				<!-- 需要权限验证的地址，正则表达式 -->
				<property name="includeRegExp">
					<list>
						<!-- 拦截所有Controller的所有方法 -->
						<value>
							<![CDATA[
								/*Controller/*
							]]>
						</value>
						<!-- 你也可以单独拦截xxxController的xxx方法 -->
						<value>
							<![CDATA[
								/xxxController/xxxFun
							]]>
						</value>
					</list>
				</property>
				<!-- 不需要拦截的地址，也可以写正则 -->
				<property name="excludeRegExp">
					<list>
						<value>
							<![CDATA[
								/demoSecurityController/login.do
							]]>
						</value>
						<value>
							<![CDATA[
								/demoSecurityController/logout.do
							]]>
						</value>
						<value>
							<![CDATA[
								/demoCompanyController/find.do
							]]>
						</value>
					</list>
				</property>
			</bean>
		</mvc:interceptor>
	</mvc:interceptors>

</beans>
